"Month","Product Code","Product Name","Category","Usage","Price","Youth Sales","Middle age sales","Senior citizen sales","Total Sales",
"Jan-08",1,Rose Water Toner,Toner,"Toning, Soothing & Moisturising ",56,20,32,5,57,
Feb-08,1,Rose Water Toner,Toner,"Toning, Soothing & Moisturising ",56,47,33,40,120,
Mar-08,1,Rose Water Toner,Toner,"Toning, Soothing & Moisturising ",56,11,45,23,79,
Apr-08,1,Rose Water Toner,Toner,"Toning, Soothing & Moisturising ",56,35,36,31,102,
May-08,1,Rose Water Toner,Toner,"Toning, Soothing & Moisturising ",56,13,28,43,84,
Jun-08,1,Rose Water Toner,Toner,"Toning, Soothing & Moisturising ",56,7,49,18,74,
Jul-08,1,Rose Water Toner,Toner,"Toning, Soothing & Moisturising ",56,38,32,30,100,
Aug-08,1,Rose Water Toner,Toner,"Toning, Soothing & Moisturising ",56,48,36,19,103,
Sep-08,1,Rose Water Toner,Toner,"Toning, Soothing & Moisturising ",56,6,26,53,85,
Oct-08,1,Rose Water Toner,Toner,"Toning, Soothing & Moisturising ",56,46,33,30,109,
Nov-08,1,Rose Water Toner,Toner,"Toning, Soothing & Moisturising ",56,12,22,23,57,
Dec-08,1,Rose Water Toner,Toner,"Toning, Soothing & Moisturising ",56,44,38,10,92,
Jan-09,1,Rose Water Toner,Toner,"Toning, Soothing & Moisturising ",56,19,35,13,67,
Feb-09,1,Rose Water Toner,Toner,"Toning, Soothing & Moisturising ",56,74,9,53,136,
Mar-09,1,Rose Water Toner,Toner,"Toning, Soothing & Moisturising ",56,28,41,49,118,
Apr-09,1,Rose Water Toner,Toner,"Toning, Soothing & Moisturising ",56,9,29,44,82,
May-09,1,Rose Water Toner,Toner,"Toning, Soothing & Moisturising ",56,24,11,54,89,
Jun-09,1,Rose Water Toner,Toner,"Toning, Soothing & Moisturising ",56,60,6,5,71,
Jul-09,1,Rose Water Toner,Toner,"Toning, Soothing & Moisturising ",56,41,28,46,115,
Aug-09,1,Rose Water Toner,Toner,"Toning, Soothing & Moisturising ",56,7,31,20,58,
Sep-09,1,Rose Water Toner,Toner,"Toning, Soothing & Moisturising ",56,67,11,29,107,
Oct-09,1,Rose Water Toner,Toner,"Toning, Soothing & Moisturising ",56,11,38,32,81,
Nov-09,1,Rose Water Toner,Toner,"Toning, Soothing & Moisturising ",56,73,46,18,137,
Dec-09,1,Rose Water Toner,Toner,"Toning, Soothing & Moisturising ",56,73,38,7,118,
Jan-10,1,Rose Water Toner,Toner,"Toning, Soothing & Moisturising ",56,26,20,54,100,
Feb-10,1,Rose Water Toner,Toner,"Toning, Soothing & Moisturising ",56,36,25,34,95,
Mar-10,1,Rose Water Toner,Toner,"Toning, Soothing & Moisturising ",56,58,29,37,124,
Apr-10,1,Rose Water Toner,Toner,"Toning, Soothing & Moisturising ",56,66,6,11,83,
May-10,1,Rose Water Toner,Toner,"Toning, Soothing & Moisturising ",56,43,32,17,92,
Jun-10,1,Rose Water Toner,Toner,"Toning, Soothing & Moisturising ",56,34,29,43,106,
Jul-10,1,Rose Water Toner,Toner,"Toning, Soothing & Moisturising ",56,33,40,53,126,
Aug-10,1,Rose Water Toner,Toner,"Toning, Soothing & Moisturising ",56,73,5,25,103,
Sep-10,1,Rose Water Toner,Toner,"Toning, Soothing & Moisturising ",56,57,41,34,132,
Oct-10,1,Rose Water Toner,Toner,"Toning, Soothing & Moisturising ",56,57,10,49,116,
Nov-10,1,Rose Water Toner,Toner,"Toning, Soothing & Moisturising ",56,6,2,26,34,
Dec-10,1,Rose Water Toner,Toner,"Toning, Soothing & Moisturising ",56,10,13,50,73,
Jan-11,1,Rose Water Toner,Toner,"Toning, Soothing & Moisturising ",52,43,50,45,138,
Feb-11,1,Rose Water Toner,Toner,"Toning, Soothing & Moisturising ",52,41,31,13,85,
Mar-11,1,Rose Water Toner,Toner,"Toning, Soothing & Moisturising ",52,14,12,51,77,
Apr-11,1,Rose Water Toner,Toner,"Toning, Soothing & Moisturising ",52,7,32,43,82,
May-11,1,Rose Water Toner,Toner,"Toning, Soothing & Moisturising ",52,80,20,25,125,
Jun-11,1,Rose Water Toner,Toner,"Toning, Soothing & Moisturising ",52,49,21,11,81,
Jul-11,1,Rose Water Toner,Toner,"Toning, Soothing & Moisturising ",52,75,30,41,146,
Aug-11,1,Rose Water Toner,Toner,"Toning, Soothing & Moisturising ",52,41,45,44,130,
Sep-11,1,Rose Water Toner,Toner,"Toning, Soothing & Moisturising ",52,11,10,49,70,
Oct-11,1,Rose Water Toner,Toner,"Toning, Soothing & Moisturising ",52,12,34,38,84,
Nov-11,1,Rose Water Toner,Toner,"Toning, Soothing & Moisturising ",52,84,49,25,158,
Dec-11,1,Rose Water Toner,Toner,"Toning, Soothing & Moisturising ",52,51,34,26,111,
Jan-12,1,Rose Water Toner,Toner,"Toning, Soothing & Moisturising ",52,53,14,32,99,
Feb-12,1,Rose Water Toner,Toner,"Toning, Soothing & Moisturising ",52,70,30,12,112,
Mar-12,1,Rose Water Toner,Toner,"Toning, Soothing & Moisturising ",52,21,46,36,103,
Apr-12,1,Rose Water Toner,Toner,"Toning, Soothing & Moisturising ",52,5,39,8,52,
May-12,1,Rose Water Toner,Toner,"Toning, Soothing & Moisturising ",52,20,11,7,38,
Jun-12,1,Rose Water Toner,Toner,"Toning, Soothing & Moisturising ",52,65,54,42,161,
Jul-12,1,Rose Water Toner,Toner,"Toning, Soothing & Moisturising ",52,76,10,47,133,
Aug-12,1,Rose Water Toner,Toner,"Toning, Soothing & Moisturising ",52,83,52,25,160,
Sep-12,1,Rose Water Toner,Toner,"Toning, Soothing & Moisturising ",52,68,15,40,123,
Oct-12,1,Rose Water Toner,Toner,"Toning, Soothing & Moisturising ",52,82,41,43,166,
Nov-12,1,Rose Water Toner,Toner,"Toning, Soothing & Moisturising ",52,19,50,25,94,
Dec-12,1,Rose Water Toner,Toner,"Toning, Soothing & Moisturising ",52,84,9,29,122,
Jan-13,1,Rose Water Toner,Toner,"Toning, Soothing & Moisturising ",52,68,21,30,119,
Feb-13,1,Rose Water Toner,Toner,"Toning, Soothing & Moisturising ",52,76,3,38,117,
Mar-13,1,Rose Water Toner,Toner,"Toning, Soothing & Moisturising ",52,16,45,47,108,
Apr-13,1,Rose Water Toner,Toner,"Toning, Soothing & Moisturising ",52,25,34,55,114,
May-13,1,Rose Water Toner,Toner,"Toning, Soothing & Moisturising ",52,46,30,5,81,
Jun-13,1,Rose Water Toner,Toner,"Toning, Soothing & Moisturising ",52,40,34,6,80,
Jul-13,1,Rose Water Toner,Toner,"Toning, Soothing & Moisturising ",52,14,7,17,38,
Aug-13,1,Rose Water Toner,Toner,"Toning, Soothing & Moisturising ",52,47,44,45,136,
Sep-13,1,Rose Water Toner,Toner,"Toning, Soothing & Moisturising ",52,54,36,21,111,
Oct-13,1,Rose Water Toner,Toner,"Toning, Soothing & Moisturising ",52,77,47,37,161,
Nov-13,1,Rose Water Toner,Toner,"Toning, Soothing & Moisturising ",52,29,25,23,77,
Dec-13,1,Rose Water Toner,Toner,"Toning, Soothing & Moisturising ",52,48,42,43,133,
Jan-14,1,Rose Water Toner,Toner,"Toning, Soothing & Moisturising ",52,53,7,28,88,
Feb-14,1,Rose Water Toner,Toner,"Toning, Soothing & Moisturising ",52,34,12,42,88,
Mar-14,1,Rose Water Toner,Toner,"Toning, Soothing & Moisturising ",52,86,45,51,182,
Apr-14,1,Rose Water Toner,Toner,"Toning, Soothing & Moisturising ",52,48,28,17,93,
May-14,1,Rose Water Toner,Toner,"Toning, Soothing & Moisturising ",52,57,21,25,103,
Jun-14,1,Rose Water Toner,Toner,"Toning, Soothing & Moisturising ",52,19,4,20,43,
Jul-14,1,Rose Water Toner,Toner,"Toning, Soothing & Moisturising ",52,17,22,16,55,
Aug-14,1,Rose Water Toner,Toner,"Toning, Soothing & Moisturising ",52,58,27,23,108,
Sep-14,1,Rose Water Toner,Toner,"Toning, Soothing & Moisturising ",52,15,18,54,87,
Oct-14,1,Rose Water Toner,Toner,"Toning, Soothing & Moisturising ",52,70,5,49,124,
Nov-14,1,Rose Water Toner,Toner,"Toning, Soothing & Moisturising ",52,37,14,14,65,
Dec-14,1,Rose Water Toner,Toner,"Toning, Soothing & Moisturising ",52,64,48,37,149,
Jan-15,1,Rose Water Toner,Toner,"Toning, Soothing & Moisturising ",52,54,1,42,97,
Feb-15,1,Rose Water Toner,Toner,"Toning, Soothing & Moisturising ",52,16,13,6,35,
Mar-15,1,Rose Water Toner,Toner,"Toning, Soothing & Moisturising ",52,68,13,23,104,
Apr-15,1,Rose Water Toner,Toner,"Toning, Soothing & Moisturising ",52,28,14,37,79,
May-15,1,Rose Water Toner,Toner,"Toning, Soothing & Moisturising ",52,10,10,29,49,
Jun-15,1,Rose Water Toner,Toner,"Toning, Soothing & Moisturising ",52,41,23,48,112,
Jul-15,1,Rose Water Toner,Toner,"Toning, Soothing & Moisturising ",52,29,5,46,80,
Aug-15,1,Rose Water Toner,Toner,"Toning, Soothing & Moisturising ",52,10,8,32,50,
Sep-15,1,Rose Water Toner,Toner,"Toning, Soothing & Moisturising ",52,6,31,46,83,
Oct-15,1,Rose Water Toner,Toner,"Toning, Soothing & Moisturising ",52,33,45,52,130,
Nov-15,1,Rose Water Toner,Toner,"Toning, Soothing & Moisturising ",52,57,19,24,100,
Dec-15,1,Rose Water Toner,Toner,"Toning, Soothing & Moisturising ",52,25,54,41,120,
Jan-16,1,Rose Water Toner,Toner,"Toning, Soothing & Moisturising ",52,31,1,46,78,
Feb-16,1,Rose Water Toner,Toner,"Toning, Soothing & Moisturising ",52,33,36,24,93,
Mar-16,1,Rose Water Toner,Toner,"Toning, Soothing & Moisturising ",52,75,38,54,167,
Apr-16,1,Rose Water Toner,Toner,"Toning, Soothing & Moisturising ",52,62,35,10,107,
May-16,1,Rose Water Toner,Toner,"Toning, Soothing & Moisturising ",52,18,11,29,58,
Jun-16,1,Rose Water Toner,Toner,"Toning, Soothing & Moisturising ",52,47,8,17,72,
Jul-16,1,Rose Water Toner,Toner,"Toning, Soothing & Moisturising ",52,19,52,23,94,
Aug-16,1,Rose Water Toner,Toner,"Toning, Soothing & Moisturising ",52,82,52,47,181,
Sep-16,1,Rose Water Toner,Toner,"Toning, Soothing & Moisturising ",52,16,32,35,83,
Oct-16,1,Rose Water Toner,Toner,"Toning, Soothing & Moisturising ",52,70,3,22,95,
Nov-16,1,Rose Water Toner,Toner,"Toning, Soothing & Moisturising ",52,80,1,49,130,
Dec-16,1,Rose Water Toner,Toner,"Toning, Soothing & Moisturising ",52,52,13,36,101,
Jan-17,1,Rose Water Toner,Toner,"Toning, Soothing & Moisturising ",31,79,41,14,134,
Feb-17,1,Rose Water Toner,Toner,"Toning, Soothing & Moisturising ",31,44,42,33,119,
Mar-17,1,Rose Water Toner,Toner,"Toning, Soothing & Moisturising ",31,48,50,32,130,
Apr-17,1,Rose Water Toner,Toner,"Toning, Soothing & Moisturising ",31,62,18,17,97,
May-17,1,Rose Water Toner,Toner,"Toning, Soothing & Moisturising ",31,5,42,44,91,
Jun-17,1,Rose Water Toner,Toner,"Toning, Soothing & Moisturising ",31,16,48,19,83,
Jul-17,1,Rose Water Toner,Toner,"Toning, Soothing & Moisturising ",31,26,10,50,86,
Aug-17,1,Rose Water Toner,Toner,"Toning, Soothing & Moisturising ",31,76,31,51,158,
Sep-17,1,Rose Water Toner,Toner,"Toning, Soothing & Moisturising ",31,34,26,45,105,
Oct-17,1,Rose Water Toner,Toner,"Toning, Soothing & Moisturising ",31,40,23,42,105,
Nov-17,1,Rose Water Toner,Toner,"Toning, Soothing & Moisturising ",31,78,47,25,150,
Dec-17,1,Rose Water Toner,Toner,"Toning, Soothing & Moisturising ",31,14,40,14,68,
"Jan-08",2,Rose Water Soothing Gel,Gel,Hydration,31,23,55,27,105,
Feb-08,2,Rose Water Soothing Gel,Gel,Hydration,31,45,21,7,73,
Mar-08,2,Rose Water Soothing Gel,Gel,Hydration,31,72,11,28,111,
Apr-08,2,Rose Water Soothing Gel,Gel,Hydration,31,31,36,23,90,
May-08,2,Rose Water Soothing Gel,Gel,Hydration,31,15,20,55,90,
Jun-08,2,Rose Water Soothing Gel,Gel,Hydration,31,83,45,41,169,
Jul-08,2,Rose Water Soothing Gel,Gel,Hydration,31,59,16,9,84,
Aug-08,2,Rose Water Soothing Gel,Gel,Hydration,31,76,21,23,120,
Sep-08,2,Rose Water Soothing Gel,Gel,Hydration,31,54,26,22,102,
Oct-08,2,Rose Water Soothing Gel,Gel,Hydration,31,71,30,28,129,
Nov-08,2,Rose Water Soothing Gel,Gel,Hydration,31,26,13,8,47,
Dec-08,2,Rose Water Soothing Gel,Gel,Hydration,31,40,2,19,61,
Jan-09,2,Rose Water Soothing Gel,Gel,Hydration,31,79,29,41,149,
Feb-09,2,Rose Water Soothing Gel,Gel,Hydration,31,83,36,21,140,
Mar-09,2,Rose Water Soothing Gel,Gel,Hydration,31,69,34,25,128,
Apr-09,2,Rose Water Soothing Gel,Gel,Hydration,31,58,45,39,142,
May-09,2,Rose Water Soothing Gel,Gel,Hydration,31,18,44,6,68,
Jun-09,2,Rose Water Soothing Gel,Gel,Hydration,31,28,48,8,84,
Jul-09,2,Rose Water Soothing Gel,Gel,Hydration,31,77,7,40,124,
Aug-09,2,Rose Water Soothing Gel,Gel,Hydration,31,64,26,46,136,
Sep-09,2,Rose Water Soothing Gel,Gel,Hydration,31,45,7,8,60,
Oct-09,2,Rose Water Soothing Gel,Gel,Hydration,31,62,37,45,144,
Nov-09,2,Rose Water Soothing Gel,Gel,Hydration,31,57,2,45,104,
Dec-09,2,Rose Water Soothing Gel,Gel,Hydration,31,38,13,27,78,3864
Jan-10,2,Rose Water Soothing Gel,Gel,Hydration,49,25,29,55,109,
Feb-10,2,Rose Water Soothing Gel,Gel,Hydration,49,8,4,10,22,
Mar-10,2,Rose Water Soothing Gel,Gel,Hydration,49,20,24,43,87,
Apr-10,2,Rose Water Soothing Gel,Gel,Hydration,49,67,29,13,109,
May-10,2,Rose Water Soothing Gel,Gel,Hydration,49,60,11,48,119,
Jun-10,2,Rose Water Soothing Gel,Gel,Hydration,49,85,12,31,128,
Jul-10,2,Rose Water Soothing Gel,Gel,Hydration,49,37,55,25,117,
Aug-10,2,Rose Water Soothing Gel,Gel,Hydration,49,34,10,14,58,
Sep-10,2,Rose Water Soothing Gel,Gel,Hydration,49,16,15,52,83,
Oct-10,2,Rose Water Soothing Gel,Gel,Hydration,49,10,4,26,40,
Nov-10,2,Rose Water Soothing Gel,Gel,Hydration,49,33,34,40,107,
Dec-10,2,Rose Water Soothing Gel,Gel,Hydration,49,86,52,43,181,
Jan-11,2,Rose Water Soothing Gel,Gel,Hydration,49,81,1,31,113,
Feb-11,2,Rose Water Soothing Gel,Gel,Hydration,49,6,22,18,46,
Mar-11,2,Rose Water Soothing Gel,Gel,Hydration,49,22,37,33,92,
Apr-11,2,Rose Water Soothing Gel,Gel,Hydration,49,15,5,15,35,
May-11,2,Rose Water Soothing Gel,Gel,Hydration,49,62,46,37,145,
Jun-11,2,Rose Water Soothing Gel,Gel,Hydration,49,75,7,51,133,
Jul-11,2,Rose Water Soothing Gel,Gel,Hydration,49,46,14,40,100,
Aug-11,2,Rose Water Soothing Gel,Gel,Hydration,49,58,14,35,107,
Sep-11,2,Rose Water Soothing Gel,Gel,Hydration,49,57,30,24,111,
Oct-11,2,Rose Water Soothing Gel,Gel,Hydration,49,34,26,42,102,
Nov-11,2,Rose Water Soothing Gel,Gel,Hydration,49,79,14,36,129,
Dec-11,2,Rose Water Soothing Gel,Gel,Hydration,49,66,45,12,123,
Jan-12,2,Rose Water Soothing Gel,Gel,Hydration,49,34,41,47,122,
Feb-12,2,Rose Water Soothing Gel,Gel,Hydration,49,29,30,27,86,
Mar-12,2,Rose Water Soothing Gel,Gel,Hydration,49,9,21,49,79,
Apr-12,2,Rose Water Soothing Gel,Gel,Hydration,49,25,55,35,115,
May-12,2,Rose Water Soothing Gel,Gel,Hydration,49,67,39,25,131,
Jun-12,2,Rose Water Soothing Gel,Gel,Hydration,49,21,15,35,71,
Jul-12,2,Rose Water Soothing Gel,Gel,Hydration,49,14,44,5,63,
Aug-12,2,Rose Water Soothing Gel,Gel,Hydration,49,50,28,5,83,
Sep-12,2,Rose Water Soothing Gel,Gel,Hydration,49,76,32,33,141,
Oct-12,2,Rose Water Soothing Gel,Gel,Hydration,49,30,41,28,99,
Nov-12,2,Rose Water Soothing Gel,Gel,Hydration,49,43,34,50,127,
Dec-12,2,Rose Water Soothing Gel,Gel,Hydration,49,62,27,27,116,
Jan-13,2,Rose Water Soothing Gel,Gel,Hydration,70,57,43,52,152,
Feb-13,2,Rose Water Soothing Gel,Gel,Hydration,70,33,47,15,95,
Mar-13,2,Rose Water Soothing Gel,Gel,Hydration,70,46,49,43,138,
Apr-13,2,Rose Water Soothing Gel,Gel,Hydration,70,5,11,29,45,
May-13,2,Rose Water Soothing Gel,Gel,Hydration,70,56,28,5,89,
Jun-13,2,Rose Water Soothing Gel,Gel,Hydration,70,14,49,5,68,
Jul-13,2,Rose Water Soothing Gel,Gel,Hydration,70,6,3,36,45,
Aug-13,2,Rose Water Soothing Gel,Gel,Hydration,70,5,5,35,45,
Sep-13,2,Rose Water Soothing Gel,Gel,Hydration,70,56,33,54,143,
Oct-13,2,Rose Water Soothing Gel,Gel,Hydration,70,11,3,31,45,
Nov-13,2,Rose Water Soothing Gel,Gel,Hydration,70,11,49,36,96,
Dec-13,2,Rose Water Soothing Gel,Gel,Hydration,70,69,12,34,115,
Jan-14,2,Rose Water Soothing Gel,Gel,Hydration,70,80,2,18,100,
Feb-14,2,Rose Water Soothing Gel,Gel,Hydration,70,35,24,6,65,
Mar-14,2,Rose Water Soothing Gel,Gel,Hydration,70,7,41,48,96,
Apr-14,2,Rose Water Soothing Gel,Gel,Hydration,70,78,18,24,120,
May-14,2,Rose Water Soothing Gel,Gel,Hydration,70,68,29,12,109,
Jun-14,2,Rose Water Soothing Gel,Gel,Hydration,70,15,11,47,73,
Jul-14,2,Rose Water Soothing Gel,Gel,Hydration,70,46,49,22,117,
Aug-14,2,Rose Water Soothing Gel,Gel,Hydration,70,48,40,22,110,
Sep-14,2,Rose Water Soothing Gel,Gel,Hydration,70,75,3,53,131,
Oct-14,2,Rose Water Soothing Gel,Gel,Hydration,70,32,42,17,91,
Nov-14,2,Rose Water Soothing Gel,Gel,Hydration,70,54,33,54,141,
Dec-14,2,Rose Water Soothing Gel,Gel,Hydration,70,80,18,52,150,
Jan-15,2,Rose Water Soothing Gel,Gel,Hydration,70,11,54,34,99,
Feb-15,2,Rose Water Soothing Gel,Gel,Hydration,70,48,53,40,141,
Mar-15,2,Rose Water Soothing Gel,Gel,Hydration,70,18,21,25,64,
Apr-15,2,Rose Water Soothing Gel,Gel,Hydration,70,37,42,52,131,
May-15,2,Rose Water Soothing Gel,Gel,Hydration,70,67,36,52,155,
Jun-15,2,Rose Water Soothing Gel,Gel,Hydration,70,45,39,28,112,
Jul-15,2,Rose Water Soothing Gel,Gel,Hydration,70,68,13,16,97,
Aug-15,2,Rose Water Soothing Gel,Gel,Hydration,70,8,54,12,74,
Sep-15,2,Rose Water Soothing Gel,Gel,Hydration,70,47,22,29,98,
Oct-15,2,Rose Water Soothing Gel,Gel,Hydration,70,43,34,32,109,
Nov-15,2,Rose Water Soothing Gel,Gel,Hydration,70,78,0,16,94,
Dec-15,2,Rose Water Soothing Gel,Gel,Hydration,70,41,4,40,85,
Jan-16,2,Rose Water Soothing Gel,Gel,Hydration,68,16,1,27,44,
Feb-16,2,Rose Water Soothing Gel,Gel,Hydration,68,25,26,47,98,
Mar-16,2,Rose Water Soothing Gel,Gel,Hydration,68,72,55,14,141,
Apr-16,2,Rose Water Soothing Gel,Gel,Hydration,68,33,9,40,82,
May-16,2,Rose Water Soothing Gel,Gel,Hydration,68,6,27,38,71,
Jun-16,2,Rose Water Soothing Gel,Gel,Hydration,68,15,10,53,78,
Jul-16,2,Rose Water Soothing Gel,Gel,Hydration,68,69,13,39,121,
Aug-16,2,Rose Water Soothing Gel,Gel,Hydration,68,46,55,28,129,
Sep-16,2,Rose Water Soothing Gel,Gel,Hydration,68,82,52,43,177,
Oct-16,2,Rose Water Soothing Gel,Gel,Hydration,68,21,16,43,80,
Nov-16,2,Rose Water Soothing Gel,Gel,Hydration,68,42,21,49,112,
Dec-16,2,Rose Water Soothing Gel,Gel,Hydration,68,33,33,28,94,
Jan-17,2,Rose Water Soothing Gel,Gel,Hydration,68,74,23,32,129,
Feb-17,2,Rose Water Soothing Gel,Gel,Hydration,68,82,25,14,121,
Mar-17,2,Rose Water Soothing Gel,Gel,Hydration,68,9,32,12,53,
Apr-17,2,Rose Water Soothing Gel,Gel,Hydration,68,82,54,36,172,
May-17,2,Rose Water Soothing Gel,Gel,Hydration,68,18,29,45,92,
Jun-17,2,Rose Water Soothing Gel,Gel,Hydration,68,3,27,20,50,
Jul-17,2,Rose Water Soothing Gel,Gel,Hydration,68,7,21,51,79,
Aug-17,2,Rose Water Soothing Gel,Gel,Hydration,68,22,25,26,73,
Sep-17,2,Rose Water Soothing Gel,Gel,Hydration,68,5,50,55,110,
Oct-17,2,Rose Water Soothing Gel,Gel,Hydration,68,25,24,19,68,
Nov-17,2,Rose Water Soothing Gel,Gel,Hydration,68,83,19,46,148,
Dec-17,2,Rose Water Soothing Gel,Gel,Hydration,68,37,41,15,93,
"Jan-08",3,Floral Hydro Ampoule Toner,Toner,Hydrating & Moisturizing,68,69,0,46,115,
Feb-08,3,Floral Hydro Ampoule Toner,Toner,Hydrating & Moisturizing,68,83,1,48,132,
Mar-08,3,Floral Hydro Ampoule Toner,Toner,Hydrating & Moisturizing,68,66,9,45,120,
Apr-08,3,Floral Hydro Ampoule Toner,Toner,Hydrating & Moisturizing,68,62,28,31,121,
May-08,3,Floral Hydro Ampoule Toner,Toner,Hydrating & Moisturizing,68,17,54,40,111,
Jun-08,3,Floral Hydro Ampoule Toner,Toner,Hydrating & Moisturizing,68,24,4,34,62,
Jul-08,3,Floral Hydro Ampoule Toner,Toner,Hydrating & Moisturizing,68,89,31,27,147,
Aug-08,3,Floral Hydro Ampoule Toner,Toner,Hydrating & Moisturizing,68,18,41,13,72,
Sep-08,3,Floral Hydro Ampoule Toner,Toner,Hydrating & Moisturizing,68,9,43,48,100,
Oct-08,3,Floral Hydro Ampoule Toner,Toner,Hydrating & Moisturizing,68,88,26,34,148,
Nov-08,3,Floral Hydro Ampoule Toner,Toner,Hydrating & Moisturizing,68,51,28,52,131,
Dec-08,3,Floral Hydro Ampoule Toner,Toner,Hydrating & Moisturizing,68,85,36,46,167,
Jan-09,3,Floral Hydro Ampoule Toner,Toner,Hydrating & Moisturizing,99,46,43,52,141,
Feb-09,3,Floral Hydro Ampoule Toner,Toner,Hydrating & Moisturizing,99,84,14,37,135,
Mar-09,3,Floral Hydro Ampoule Toner,Toner,Hydrating & Moisturizing,99,44,48,8,100,
Apr-09,3,Floral Hydro Ampoule Toner,Toner,Hydrating & Moisturizing,99,89,17,21,127,
May-09,3,Floral Hydro Ampoule Toner,Toner,Hydrating & Moisturizing,99,78,23,54,155,
Jun-09,3,Floral Hydro Ampoule Toner,Toner,Hydrating & Moisturizing,99,4,44,44,92,
Jul-09,3,Floral Hydro Ampoule Toner,Toner,Hydrating & Moisturizing,99,22,43,5,70,
Aug-09,3,Floral Hydro Ampoule Toner,Toner,Hydrating & Moisturizing,99,20,45,52,117,
Sep-09,3,Floral Hydro Ampoule Toner,Toner,Hydrating & Moisturizing,99,42,26,47,115,
Oct-09,3,Floral Hydro Ampoule Toner,Toner,Hydrating & Moisturizing,99,50,19,28,97,
Nov-09,3,Floral Hydro Ampoule Toner,Toner,Hydrating & Moisturizing,99,74,46,37,157,
Dec-09,3,Floral Hydro Ampoule Toner,Toner,Hydrating & Moisturizing,99,34,10,10,54,
Jan-10,3,Floral Hydro Ampoule Toner,Toner,Hydrating & Moisturizing,99,16,39,27,82,
Feb-10,3,Floral Hydro Ampoule Toner,Toner,Hydrating & Moisturizing,99,42,20,14,76,
Mar-10,3,Floral Hydro Ampoule Toner,Toner,Hydrating & Moisturizing,99,82,26,29,137,
Apr-10,3,Floral Hydro Ampoule Toner,Toner,Hydrating & Moisturizing,99,55,10,18,83,
May-10,3,Floral Hydro Ampoule Toner,Toner,Hydrating & Moisturizing,99,25,24,49,98,
Jun-10,3,Floral Hydro Ampoule Toner,Toner,Hydrating & Moisturizing,99,69,42,7,118,
Jul-10,3,Floral Hydro Ampoule Toner,Toner,Hydrating & Moisturizing,99,71,42,48,161,
Aug-10,3,Floral Hydro Ampoule Toner,Toner,Hydrating & Moisturizing,99,70,53,55,178,
Sep-10,3,Floral Hydro Ampoule Toner,Toner,Hydrating & Moisturizing,99,63,41,10,114,
Oct-10,3,Floral Hydro Ampoule Toner,Toner,Hydrating & Moisturizing,99,54,30,55,139,
Nov-10,3,Floral Hydro Ampoule Toner,Toner,Hydrating & Moisturizing,99,71,22,5,98,
Dec-10,3,Floral Hydro Ampoule Toner,Toner,Hydrating & Moisturizing,99,72,4,33,109,
Jan-11,3,Floral Hydro Ampoule Toner,Toner,Hydrating & Moisturizing,99,37,27,41,105,
Feb-11,3,Floral Hydro Ampoule Toner,Toner,Hydrating & Moisturizing,99,80,49,7,136,
Mar-11,3,Floral Hydro Ampoule Toner,Toner,Hydrating & Moisturizing,99,8,20,47,75,
Apr-11,3,Floral Hydro Ampoule Toner,Toner,Hydrating & Moisturizing,99,24,21,7,52,
May-11,3,Floral Hydro Ampoule Toner,Toner,Hydrating & Moisturizing,99,82,29,40,151,
Jun-11,3,Floral Hydro Ampoule Toner,Toner,Hydrating & Moisturizing,99,28,50,33,111,
Jul-11,3,Floral Hydro Ampoule Toner,Toner,Hydrating & Moisturizing,99,18,16,45,79,
Aug-11,3,Floral Hydro Ampoule Toner,Toner,Hydrating & Moisturizing,99,76,48,6,130,
Sep-11,3,Floral Hydro Ampoule Toner,Toner,Hydrating & Moisturizing,99,55,4,29,88,
Oct-11,3,Floral Hydro Ampoule Toner,Toner,Hydrating & Moisturizing,99,65,45,34,144,
Nov-11,3,Floral Hydro Ampoule Toner,Toner,Hydrating & Moisturizing,99,39,25,20,84,
Dec-11,3,Floral Hydro Ampoule Toner,Toner,Hydrating & Moisturizing,99,15,14,19,48,
Jan-12,3,Floral Hydro Ampoule Toner,Toner,Hydrating & Moisturizing,27,22,52,40,114,
Feb-12,3,Floral Hydro Ampoule Toner,Toner,Hydrating & Moisturizing,27,41,16,47,104,
Mar-12,3,Floral Hydro Ampoule Toner,Toner,Hydrating & Moisturizing,27,21,9,31,61,
Apr-12,3,Floral Hydro Ampoule Toner,Toner,Hydrating & Moisturizing,27,46,22,14,82,
May-12,3,Floral Hydro Ampoule Toner,Toner,Hydrating & Moisturizing,27,43,42,49,134,
Jun-12,3,Floral Hydro Ampoule Toner,Toner,Hydrating & Moisturizing,27,40,37,20,97,
Jul-12,3,Floral Hydro Ampoule Toner,Toner,Hydrating & Moisturizing,27,36,44,13,93,
Aug-12,3,Floral Hydro Ampoule Toner,Toner,Hydrating & Moisturizing,27,9,33,19,61,
Sep-12,3,Floral Hydro Ampoule Toner,Toner,Hydrating & Moisturizing,27,87,21,36,144,
Oct-12,3,Floral Hydro Ampoule Toner,Toner,Hydrating & Moisturizing,27,48,26,22,96,
Nov-12,3,Floral Hydro Ampoule Toner,Toner,Hydrating & Moisturizing,27,79,5,45,129,
Dec-12,3,Floral Hydro Ampoule Toner,Toner,Hydrating & Moisturizing,27,71,21,29,121,
Jan-13,3,Floral Hydro Ampoule Toner,Toner,Hydrating & Moisturizing,27,86,9,10,105,
Feb-13,3,Floral Hydro Ampoule Toner,Toner,Hydrating & Moisturizing,27,82,19,53,154,
Mar-13,3,Floral Hydro Ampoule Toner,Toner,Hydrating & Moisturizing,27,45,4,8,57,
Apr-13,3,Floral Hydro Ampoule Toner,Toner,Hydrating & Moisturizing,27,72,33,6,111,
May-13,3,Floral Hydro Ampoule Toner,Toner,Hydrating & Moisturizing,27,38,46,5,89,
Jun-13,3,Floral Hydro Ampoule Toner,Toner,Hydrating & Moisturizing,27,49,53,16,118,
Jul-13,3,Floral Hydro Ampoule Toner,Toner,Hydrating & Moisturizing,27,89,38,13,140,
Aug-13,3,Floral Hydro Ampoule Toner,Toner,Hydrating & Moisturizing,27,10,21,42,73,
Sep-13,3,Floral Hydro Ampoule Toner,Toner,Hydrating & Moisturizing,27,88,42,11,141,
Oct-13,3,Floral Hydro Ampoule Toner,Toner,Hydrating & Moisturizing,27,58,43,23,124,
Nov-13,3,Floral Hydro Ampoule Toner,Toner,Hydrating & Moisturizing,27,46,7,51,104,
Dec-13,3,Floral Hydro Ampoule Toner,Toner,Hydrating & Moisturizing,27,20,33,35,88,
Jan-14,3,Floral Hydro Ampoule Toner,Toner,Hydrating & Moisturizing,27,3,16,48,67,
Feb-14,3,Floral Hydro Ampoule Toner,Toner,Hydrating & Moisturizing,27,70,20,52,142,
Mar-14,3,Floral Hydro Ampoule Toner,Toner,Hydrating & Moisturizing,27,27,14,29,70,
Apr-14,3,Floral Hydro Ampoule Toner,Toner,Hydrating & Moisturizing,27,67,51,52,170,
May-14,3,Floral Hydro Ampoule Toner,Toner,Hydrating & Moisturizing,27,31,46,12,89,
Jun-14,3,Floral Hydro Ampoule Toner,Toner,Hydrating & Moisturizing,27,20,13,33,66,
Jul-14,3,Floral Hydro Ampoule Toner,Toner,Hydrating & Moisturizing,27,19,55,53,127,
Aug-14,3,Floral Hydro Ampoule Toner,Toner,Hydrating & Moisturizing,27,21,4,24,49,
Sep-14,3,Floral Hydro Ampoule Toner,Toner,Hydrating & Moisturizing,27,41,13,11,65,
Oct-14,3,Floral Hydro Ampoule Toner,Toner,Hydrating & Moisturizing,27,4,55,18,77,
Nov-14,3,Floral Hydro Ampoule Toner,Toner,Hydrating & Moisturizing,27,27,12,34,73,
Dec-14,3,Floral Hydro Ampoule Toner,Toner,Hydrating & Moisturizing,27,52,40,11,103,
Jan-15,3,Floral Hydro Ampoule Toner,Toner,Hydrating & Moisturizing,46,74,16,51,141,
Feb-15,3,Floral Hydro Ampoule Toner,Toner,Hydrating & Moisturizing,46,89,45,39,173,
Mar-15,3,Floral Hydro Ampoule Toner,Toner,Hydrating & Moisturizing,46,73,5,27,105,
Apr-15,3,Floral Hydro Ampoule Toner,Toner,Hydrating & Moisturizing,46,27,25,33,85,
May-15,3,Floral Hydro Ampoule Toner,Toner,Hydrating & Moisturizing,46,33,49,29,111,
Jun-15,3,Floral Hydro Ampoule Toner,Toner,Hydrating & Moisturizing,46,32,42,46,120,
Jul-15,3,Floral Hydro Ampoule Toner,Toner,Hydrating & Moisturizing,46,63,18,6,87,
Aug-15,3,Floral Hydro Ampoule Toner,Toner,Hydrating & Moisturizing,46,69,26,9,104,
Sep-15,3,Floral Hydro Ampoule Toner,Toner,Hydrating & Moisturizing,46,4,16,49,69,
Oct-15,3,Floral Hydro Ampoule Toner,Toner,Hydrating & Moisturizing,46,39,30,9,78,
Nov-15,3,Floral Hydro Ampoule Toner,Toner,Hydrating & Moisturizing,46,84,20,32,136,
Dec-15,3,Floral Hydro Ampoule Toner,Toner,Hydrating & Moisturizing,46,85,13,36,134,
Jan-16,3,Floral Hydro Ampoule Toner,Toner,Hydrating & Moisturizing,46,64,50,40,154,
Feb-16,3,Floral Hydro Ampoule Toner,Toner,Hydrating & Moisturizing,46,40,43,13,96,
Mar-16,3,Floral Hydro Ampoule Toner,Toner,Hydrating & Moisturizing,46,11,35,28,74,
Apr-16,3,Floral Hydro Ampoule Toner,Toner,Hydrating & Moisturizing,46,81,47,39,167,
May-16,3,Floral Hydro Ampoule Toner,Toner,Hydrating & Moisturizing,46,68,45,20,133,
Jun-16,3,Floral Hydro Ampoule Toner,Toner,Hydrating & Moisturizing,46,20,7,24,51,
Jul-16,3,Floral Hydro Ampoule Toner,Toner,Hydrating & Moisturizing,46,89,11,9,109,
Aug-16,3,Floral Hydro Ampoule Toner,Toner,Hydrating & Moisturizing,46,88,45,27,160,
Sep-16,3,Floral Hydro Ampoule Toner,Toner,Hydrating & Moisturizing,46,25,43,21,89,
Oct-16,3,Floral Hydro Ampoule Toner,Toner,Hydrating & Moisturizing,46,12,21,5,38,
Nov-16,3,Floral Hydro Ampoule Toner,Toner,Hydrating & Moisturizing,46,47,4,13,64,
Dec-16,3,Floral Hydro Ampoule Toner,Toner,Hydrating & Moisturizing,46,48,4,21,73,
Jan-17,3,Floral Hydro Ampoule Toner,Toner,Hydrating & Moisturizing,46,44,34,17,95,
Feb-17,3,Floral Hydro Ampoule Toner,Toner,Hydrating & Moisturizing,46,77,39,44,160,
Mar-17,3,Floral Hydro Ampoule Toner,Toner,Hydrating & Moisturizing,46,84,2,20,106,
Apr-17,3,Floral Hydro Ampoule Toner,Toner,Hydrating & Moisturizing,46,45,34,24,103,
May-17,3,Floral Hydro Ampoule Toner,Toner,Hydrating & Moisturizing,46,42,5,42,89,
Jun-17,3,Floral Hydro Ampoule Toner,Toner,Hydrating & Moisturizing,46,40,3,18,61,
Jul-17,3,Floral Hydro Ampoule Toner,Toner,Hydrating & Moisturizing,46,15,9,43,67,
Aug-17,3,Floral Hydro Ampoule Toner,Toner,Hydrating & Moisturizing,46,62,21,23,106,
Sep-17,3,Floral Hydro Ampoule Toner,Toner,Hydrating & Moisturizing,46,68,9,24,101,
Oct-17,3,Floral Hydro Ampoule Toner,Toner,Hydrating & Moisturizing,46,80,31,11,122,
Nov-17,3,Floral Hydro Ampoule Toner,Toner,Hydrating & Moisturizing,46,27,49,37,113,
Dec-17,3,Floral Hydro Ampoule Toner,Toner,Hydrating & Moisturizing,46,73,39,48,160,
"Jan-08",4,Aqua Peel Lip Sleeping Mask ,Lip Sleeping Mask,"calms dead skin cells, create oil-moisture barrier",46,30,22,7,59,
Feb-08,4,Aqua Peel Lip Sleeping Mask ,Lip Sleeping Mask,"calms dead skin cells, create oil-moisture barrier",46,67,44,37,148,
Mar-08,4,Aqua Peel Lip Sleeping Mask ,Lip Sleeping Mask,"calms dead skin cells, create oil-moisture barrier",46,82,0,49,131,
Apr-08,4,Aqua Peel Lip Sleeping Mask ,Lip Sleeping Mask,"calms dead skin cells, create oil-moisture barrier",46,35,55,55,145,
May-08,4,Aqua Peel Lip Sleeping Mask ,Lip Sleeping Mask,"calms dead skin cells, create oil-moisture barrier",46,18,6,46,70,
Jun-08,4,Aqua Peel Lip Sleeping Mask ,Lip Sleeping Mask,"calms dead skin cells, create oil-moisture barrier",46,46,28,41,115,
Jul-08,4,Aqua Peel Lip Sleeping Mask ,Lip Sleeping Mask,"calms dead skin cells, create oil-moisture barrier",46,38,42,22,102,
Aug-08,4,Aqua Peel Lip Sleeping Mask ,Lip Sleeping Mask,"calms dead skin cells, create oil-moisture barrier",46,32,4,36,72,
Sep-08,4,Aqua Peel Lip Sleeping Mask ,Lip Sleeping Mask,"calms dead skin cells, create oil-moisture barrier",46,3,19,32,54,
Oct-08,4,Aqua Peel Lip Sleeping Mask ,Lip Sleeping Mask,"calms dead skin cells, create oil-moisture barrier",46,67,18,14,99,
Nov-08,4,Aqua Peel Lip Sleeping Mask ,Lip Sleeping Mask,"calms dead skin cells, create oil-moisture barrier",46,24,41,14,79,
Dec-08,4,Aqua Peel Lip Sleeping Mask ,Lip Sleeping Mask,"calms dead skin cells, create oil-moisture barrier",46,45,48,10,103,
Jan-09,4,Aqua Peel Lip Sleeping Mask ,Lip Sleeping Mask,"calms dead skin cells, create oil-moisture barrier",46,58,32,23,113,
Feb-09,4,Aqua Peel Lip Sleeping Mask ,Lip Sleeping Mask,"calms dead skin cells, create oil-moisture barrier",46,84,15,16,115,
Mar-09,4,Aqua Peel Lip Sleeping Mask ,Lip Sleeping Mask,"calms dead skin cells, create oil-moisture barrier",46,55,24,5,84,
Apr-09,4,Aqua Peel Lip Sleeping Mask ,Lip Sleeping Mask,"calms dead skin cells, create oil-moisture barrier",46,86,11,11,108,
May-09,4,Aqua Peel Lip Sleeping Mask ,Lip Sleeping Mask,"calms dead skin cells, create oil-moisture barrier",46,24,41,44,109,
Jun-09,4,Aqua Peel Lip Sleeping Mask ,Lip Sleeping Mask,"calms dead skin cells, create oil-moisture barrier",46,42,37,25,104,
Jul-09,4,Aqua Peel Lip Sleeping Mask ,Lip Sleeping Mask,"calms dead skin cells, create oil-moisture barrier",46,33,4,33,70,
Aug-09,4,Aqua Peel Lip Sleeping Mask ,Lip Sleeping Mask,"calms dead skin cells, create oil-moisture barrier",46,82,13,43,138,
Sep-09,4,Aqua Peel Lip Sleeping Mask ,Lip Sleeping Mask,"calms dead skin cells, create oil-moisture barrier",46,52,16,47,115,
Oct-09,4,Aqua Peel Lip Sleeping Mask ,Lip Sleeping Mask,"calms dead skin cells, create oil-moisture barrier",46,20,46,37,103,
Nov-09,4,Aqua Peel Lip Sleeping Mask ,Lip Sleeping Mask,"calms dead skin cells, create oil-moisture barrier",46,51,26,49,126,
Dec-09,4,Aqua Peel Lip Sleeping Mask ,Lip Sleeping Mask,"calms dead skin cells, create oil-moisture barrier",46,38,54,24,116,
Jan-10,4,Aqua Peel Lip Sleeping Mask ,Lip Sleeping Mask,"calms dead skin cells, create oil-moisture barrier",46,53,4,39,96,
Feb-10,4,Aqua Peel Lip Sleeping Mask ,Lip Sleeping Mask,"calms dead skin cells, create oil-moisture barrier",46,44,11,45,100,
Mar-10,4,Aqua Peel Lip Sleeping Mask ,Lip Sleeping Mask,"calms dead skin cells, create oil-moisture barrier",46,21,21,18,60,
Apr-10,4,Aqua Peel Lip Sleeping Mask ,Lip Sleeping Mask,"calms dead skin cells, create oil-moisture barrier",46,79,8,34,121,
May-10,4,Aqua Peel Lip Sleeping Mask ,Lip Sleeping Mask,"calms dead skin cells, create oil-moisture barrier",46,68,52,10,130,
Jun-10,4,Aqua Peel Lip Sleeping Mask ,Lip Sleeping Mask,"calms dead skin cells, create oil-moisture barrier",46,9,50,46,105,
Jul-10,4,Aqua Peel Lip Sleeping Mask ,Lip Sleeping Mask,"calms dead skin cells, create oil-moisture barrier",46,14,26,27,67,
Aug-10,4,Aqua Peel Lip Sleeping Mask ,Lip Sleeping Mask,"calms dead skin cells, create oil-moisture barrier",46,70,47,25,142,
Sep-10,4,Aqua Peel Lip Sleeping Mask ,Lip Sleeping Mask,"calms dead skin cells, create oil-moisture barrier",46,39,41,16,96,
Oct-10,4,Aqua Peel Lip Sleeping Mask ,Lip Sleeping Mask,"calms dead skin cells, create oil-moisture barrier",46,17,33,22,72,
Nov-10,4,Aqua Peel Lip Sleeping Mask ,Lip Sleeping Mask,"calms dead skin cells, create oil-moisture barrier",46,87,13,14,114,
Dec-10,4,Aqua Peel Lip Sleeping Mask ,Lip Sleeping Mask,"calms dead skin cells, create oil-moisture barrier",46,34,6,5,45,
Jan-11,4,Aqua Peel Lip Sleeping Mask ,Lip Sleeping Mask,"calms dead skin cells, create oil-moisture barrier",49,14,50,7,71,
Feb-11,4,Aqua Peel Lip Sleeping Mask ,Lip Sleeping Mask,"calms dead skin cells, create oil-moisture barrier",49,9,35,31,75,
Mar-11,4,Aqua Peel Lip Sleeping Mask ,Lip Sleeping Mask,"calms dead skin cells, create oil-moisture barrier",49,49,48,30,127,
Apr-11,4,Aqua Peel Lip Sleeping Mask ,Lip Sleeping Mask,"calms dead skin cells, create oil-moisture barrier",49,84,42,51,177,
May-11,4,Aqua Peel Lip Sleeping Mask ,Lip Sleeping Mask,"calms dead skin cells, create oil-moisture barrier",49,62,25,51,138,
Jun-11,4,Aqua Peel Lip Sleeping Mask ,Lip Sleeping Mask,"calms dead skin cells, create oil-moisture barrier",49,21,30,39,90,
Jul-11,4,Aqua Peel Lip Sleeping Mask ,Lip Sleeping Mask,"calms dead skin cells, create oil-moisture barrier",49,80,19,6,105,
Aug-11,4,Aqua Peel Lip Sleeping Mask ,Lip Sleeping Mask,"calms dead skin cells, create oil-moisture barrier",49,14,6,18,38,
Sep-11,4,Aqua Peel Lip Sleeping Mask ,Lip Sleeping Mask,"calms dead skin cells, create oil-moisture barrier",49,57,7,14,78,
Oct-11,4,Aqua Peel Lip Sleeping Mask ,Lip Sleeping Mask,"calms dead skin cells, create oil-moisture barrier",49,50,12,18,80,
Nov-11,4,Aqua Peel Lip Sleeping Mask ,Lip Sleeping Mask,"calms dead skin cells, create oil-moisture barrier",49,22,29,14,65,
Dec-11,4,Aqua Peel Lip Sleeping Mask ,Lip Sleeping Mask,"calms dead skin cells, create oil-moisture barrier",49,46,15,9,70,
Jan-12,4,Aqua Peel Lip Sleeping Mask ,Lip Sleeping Mask,"calms dead skin cells, create oil-moisture barrier",49,34,18,17,69,
Feb-12,4,Aqua Peel Lip Sleeping Mask ,Lip Sleeping Mask,"calms dead skin cells, create oil-moisture barrier",49,52,51,43,146,
Mar-12,4,Aqua Peel Lip Sleeping Mask ,Lip Sleeping Mask,"calms dead skin cells, create oil-moisture barrier",49,72,44,37,153,
Apr-12,4,Aqua Peel Lip Sleeping Mask ,Lip Sleeping Mask,"calms dead skin cells, create oil-moisture barrier",49,10,27,52,89,
May-12,4,Aqua Peel Lip Sleeping Mask ,Lip Sleeping Mask,"calms dead skin cells, create oil-moisture barrier",49,27,3,20,50,
Jun-12,4,Aqua Peel Lip Sleeping Mask ,Lip Sleeping Mask,"calms dead skin cells, create oil-moisture barrier",49,10,51,11,72,
Jul-12,4,Aqua Peel Lip Sleeping Mask ,Lip Sleeping Mask,"calms dead skin cells, create oil-moisture barrier",49,43,30,20,93,
Aug-12,4,Aqua Peel Lip Sleeping Mask ,Lip Sleeping Mask,"calms dead skin cells, create oil-moisture barrier",49,67,9,48,124,
Sep-12,4,Aqua Peel Lip Sleeping Mask ,Lip Sleeping Mask,"calms dead skin cells, create oil-moisture barrier",49,17,32,5,54,
Oct-12,4,Aqua Peel Lip Sleeping Mask ,Lip Sleeping Mask,"calms dead skin cells, create oil-moisture barrier",49,83,6,22,111,
Nov-12,4,Aqua Peel Lip Sleeping Mask ,Lip Sleeping Mask,"calms dead skin cells, create oil-moisture barrier",49,25,45,25,95,
Dec-12,4,Aqua Peel Lip Sleeping Mask ,Lip Sleeping Mask,"calms dead skin cells, create oil-moisture barrier",49,89,41,11,141,
Jan-13,4,Aqua Peel Lip Sleeping Mask ,Lip Sleeping Mask,"calms dead skin cells, create oil-moisture barrier",49,84,26,15,125,
Feb-13,4,Aqua Peel Lip Sleeping Mask ,Lip Sleeping Mask,"calms dead skin cells, create oil-moisture barrier",49,43,21,28,92,
Mar-13,4,Aqua Peel Lip Sleeping Mask ,Lip Sleeping Mask,"calms dead skin cells, create oil-moisture barrier",49,8,1,39,48,
Apr-13,4,Aqua Peel Lip Sleeping Mask ,Lip Sleeping Mask,"calms dead skin cells, create oil-moisture barrier",49,27,44,10,81,
May-13,4,Aqua Peel Lip Sleeping Mask ,Lip Sleeping Mask,"calms dead skin cells, create oil-moisture barrier",49,60,27,10,97,
Jun-13,4,Aqua Peel Lip Sleeping Mask ,Lip Sleeping Mask,"calms dead skin cells, create oil-moisture barrier",49,75,43,22,140,
Jul-13,4,Aqua Peel Lip Sleeping Mask ,Lip Sleeping Mask,"calms dead skin cells, create oil-moisture barrier",49,14,21,24,59,
Aug-13,4,Aqua Peel Lip Sleeping Mask ,Lip Sleeping Mask,"calms dead skin cells, create oil-moisture barrier",49,5,51,15,71,
Sep-13,4,Aqua Peel Lip Sleeping Mask ,Lip Sleeping Mask,"calms dead skin cells, create oil-moisture barrier",49,36,26,44,106,
Oct-13,4,Aqua Peel Lip Sleeping Mask ,Lip Sleeping Mask,"calms dead skin cells, create oil-moisture barrier",49,47,49,22,118,
Nov-13,4,Aqua Peel Lip Sleeping Mask ,Lip Sleeping Mask,"calms dead skin cells, create oil-moisture barrier",49,16,50,6,72,
Dec-13,4,Aqua Peel Lip Sleeping Mask ,Lip Sleeping Mask,"calms dead skin cells, create oil-moisture barrier",49,32,32,23,87,
Jan-14,4,Aqua Peel Lip Sleeping Mask ,Lip Sleeping Mask,"calms dead skin cells, create oil-moisture barrier",106,22,36,27,85,
Feb-14,4,Aqua Peel Lip Sleeping Mask ,Lip Sleeping Mask,"calms dead skin cells, create oil-moisture barrier",106,86,6,46,138,
Mar-14,4,Aqua Peel Lip Sleeping Mask ,Lip Sleeping Mask,"calms dead skin cells, create oil-moisture barrier",106,83,22,6,111,
Apr-14,4,Aqua Peel Lip Sleeping Mask ,Lip Sleeping Mask,"calms dead skin cells, create oil-moisture barrier",106,70,38,29,137,
May-14,4,Aqua Peel Lip Sleeping Mask ,Lip Sleeping Mask,"calms dead skin cells, create oil-moisture barrier",106,33,4,18,55,
Jun-14,4,Aqua Peel Lip Sleeping Mask ,Lip Sleeping Mask,"calms dead skin cells, create oil-moisture barrier",106,71,27,22,120,
Jul-14,4,Aqua Peel Lip Sleeping Mask ,Lip Sleeping Mask,"calms dead skin cells, create oil-moisture barrier",106,73,38,14,125,
Aug-14,4,Aqua Peel Lip Sleeping Mask ,Lip Sleeping Mask,"calms dead skin cells, create oil-moisture barrier",106,85,1,10,96,
Sep-14,4,Aqua Peel Lip Sleeping Mask ,Lip Sleeping Mask,"calms dead skin cells, create oil-moisture barrier",106,36,44,16,96,
Oct-14,4,Aqua Peel Lip Sleeping Mask ,Lip Sleeping Mask,"calms dead skin cells, create oil-moisture barrier",106,38,7,36,81,
Nov-14,4,Aqua Peel Lip Sleeping Mask ,Lip Sleeping Mask,"calms dead skin cells, create oil-moisture barrier",106,72,55,27,154,
Dec-14,4,Aqua Peel Lip Sleeping Mask ,Lip Sleeping Mask,"calms dead skin cells, create oil-moisture barrier",106,81,47,15,143,
Jan-15,4,Aqua Peel Lip Sleeping Mask ,Lip Sleeping Mask,"calms dead skin cells, create oil-moisture barrier",106,43,42,53,138,
Feb-15,4,Aqua Peel Lip Sleeping Mask ,Lip Sleeping Mask,"calms dead skin cells, create oil-moisture barrier",106,62,13,10,85,
Mar-15,4,Aqua Peel Lip Sleeping Mask ,Lip Sleeping Mask,"calms dead skin cells, create oil-moisture barrier",106,30,15,37,82,
Apr-15,4,Aqua Peel Lip Sleeping Mask ,Lip Sleeping Mask,"calms dead skin cells, create oil-moisture barrier",106,24,48,15,87,
May-15,4,Aqua Peel Lip Sleeping Mask ,Lip Sleeping Mask,"calms dead skin cells, create oil-moisture barrier",106,68,37,18,123,
Jun-15,4,Aqua Peel Lip Sleeping Mask ,Lip Sleeping Mask,"calms dead skin cells, create oil-moisture barrier",106,9,29,13,51,
Jul-15,4,Aqua Peel Lip Sleeping Mask ,Lip Sleeping Mask,"calms dead skin cells, create oil-moisture barrier",106,20,16,39,75,
Aug-15,4,Aqua Peel Lip Sleeping Mask ,Lip Sleeping Mask,"calms dead skin cells, create oil-moisture barrier",106,23,33,23,79,
Sep-15,4,Aqua Peel Lip Sleeping Mask ,Lip Sleeping Mask,"calms dead skin cells, create oil-moisture barrier",106,80,35,9,124,
Oct-15,4,Aqua Peel Lip Sleeping Mask ,Lip Sleeping Mask,"calms dead skin cells, create oil-moisture barrier",106,25,22,49,96,
Nov-15,4,Aqua Peel Lip Sleeping Mask ,Lip Sleeping Mask,"calms dead skin cells, create oil-moisture barrier",106,64,24,39,127,
Dec-15,4,Aqua Peel Lip Sleeping Mask ,Lip Sleeping Mask,"calms dead skin cells, create oil-moisture barrier",106,24,1,7,32,
Jan-16,4,Aqua Peel Lip Sleeping Mask ,Lip Sleeping Mask,"calms dead skin cells, create oil-moisture barrier",106,50,2,21,73,
Feb-16,4,Aqua Peel Lip Sleeping Mask ,Lip Sleeping Mask,"calms dead skin cells, create oil-moisture barrier",106,13,1,51,65,
Mar-16,4,Aqua Peel Lip Sleeping Mask ,Lip Sleeping Mask,"calms dead skin cells, create oil-moisture barrier",106,50,28,28,106,
Apr-16,4,Aqua Peel Lip Sleeping Mask ,Lip Sleeping Mask,"calms dead skin cells, create oil-moisture barrier",106,67,34,29,130,
May-16,4,Aqua Peel Lip Sleeping Mask ,Lip Sleeping Mask,"calms dead skin cells, create oil-moisture barrier",106,8,47,5,60,
Jun-16,4,Aqua Peel Lip Sleeping Mask ,Lip Sleeping Mask,"calms dead skin cells, create oil-moisture barrier",106,63,29,37,129,
Jul-16,4,Aqua Peel Lip Sleeping Mask ,Lip Sleeping Mask,"calms dead skin cells, create oil-moisture barrier",106,36,1,28,65,
Aug-16,4,Aqua Peel Lip Sleeping Mask ,Lip Sleeping Mask,"calms dead skin cells, create oil-moisture barrier",106,9,19,19,47,
Sep-16,4,Aqua Peel Lip Sleeping Mask ,Lip Sleeping Mask,"calms dead skin cells, create oil-moisture barrier",106,14,52,26,92,
Oct-16,4,Aqua Peel Lip Sleeping Mask ,Lip Sleeping Mask,"calms dead skin cells, create oil-moisture barrier",106,38,48,8,94,
Nov-16,4,Aqua Peel Lip Sleeping Mask ,Lip Sleeping Mask,"calms dead skin cells, create oil-moisture barrier",106,64,19,49,132,
Dec-16,4,Aqua Peel Lip Sleeping Mask ,Lip Sleeping Mask,"calms dead skin cells, create oil-moisture barrier",106,25,43,34,102,
Jan-17,4,Aqua Peel Lip Sleeping Mask ,Lip Sleeping Mask,"calms dead skin cells, create oil-moisture barrier",48,38,50,8,96,
Feb-17,4,Aqua Peel Lip Sleeping Mask ,Lip Sleeping Mask,"calms dead skin cells, create oil-moisture barrier",48,79,26,41,146,
Mar-17,4,Aqua Peel Lip Sleeping Mask ,Lip Sleeping Mask,"calms dead skin cells, create oil-moisture barrier",48,10,40,35,85,
Apr-17,4,Aqua Peel Lip Sleeping Mask ,Lip Sleeping Mask,"calms dead skin cells, create oil-moisture barrier",48,60,26,55,141,
May-17,4,Aqua Peel Lip Sleeping Mask ,Lip Sleeping Mask,"calms dead skin cells, create oil-moisture barrier",48,51,11,23,85,
Jun-17,4,Aqua Peel Lip Sleeping Mask ,Lip Sleeping Mask,"calms dead skin cells, create oil-moisture barrier",48,55,39,15,109,
Jul-17,4,Aqua Peel Lip Sleeping Mask ,Lip Sleeping Mask,"calms dead skin cells, create oil-moisture barrier",48,49,34,20,103,
Aug-17,4,Aqua Peel Lip Sleeping Mask ,Lip Sleeping Mask,"calms dead skin cells, create oil-moisture barrier",48,50,5,44,99,
Sep-17,4,Aqua Peel Lip Sleeping Mask ,Lip Sleeping Mask,"calms dead skin cells, create oil-moisture barrier",48,17,10,23,50,
Oct-17,4,Aqua Peel Lip Sleeping Mask ,Lip Sleeping Mask,"calms dead skin cells, create oil-moisture barrier",48,44,52,44,140,
Nov-17,4,Aqua Peel Lip Sleeping Mask ,Lip Sleeping Mask,"calms dead skin cells, create oil-moisture barrier",48,76,20,29,125,
Dec-17,4,Rose Water Toner Pad,Lip Sleeping Mask,"calms dead skin cells, create oil-moisture barrier",48,41,1,51,93,
"Jan-08",5,Rose Water Toner Pad,Cotton Pads,"Toning, Soothing & Moisturising ",48,31,6,9,46,
Feb-08,5,Rose Water Toner Pad,Cotton Pads,"Toning, Soothing & Moisturising ",48,65,24,8,97,
Mar-08,5,Rose Water Toner Pad,Cotton Pads,"Toning, Soothing & Moisturising ",48,17,18,43,78,
Apr-08,5,Rose Water Toner Pad,Cotton Pads,"Toning, Soothing & Moisturising ",48,71,42,9,122,
May-08,5,Rose Water Toner Pad,Cotton Pads,"Toning, Soothing & Moisturising ",48,69,40,46,155,
Jun-08,5,Rose Water Toner Pad,Cotton Pads,"Toning, Soothing & Moisturising ",48,53,32,23,108,
Jul-08,5,Rose Water Toner Pad,Cotton Pads,"Toning, Soothing & Moisturising ",48,26,26,26,78,
Aug-08,5,Rose Water Toner Pad,Cotton Pads,"Toning, Soothing & Moisturising ",48,61,2,48,111,
Sep-08,5,Rose Water Toner Pad,Cotton Pads,"Toning, Soothing & Moisturising ",48,87,36,48,171,
Oct-08,5,Rose Water Toner Pad,Cotton Pads,"Toning, Soothing & Moisturising ",48,63,26,11,100,
Nov-08,5,Rose Water Toner Pad,Cotton Pads,"Toning, Soothing & Moisturising ",48,3,43,50,96,
Dec-08,5,Rose Water Toner Pad,Cotton Pads,"Toning, Soothing & Moisturising ",48,65,51,30,146,
Jan-09,5,Rose Water Toner Pad,Cotton Pads,"Toning, Soothing & Moisturising ",48,22,19,8,49,
Feb-09,5,Rose Water Toner Pad,Cotton Pads,"Toning, Soothing & Moisturising ",48,82,27,20,129,
Mar-09,5,Rose Water Toner Pad,Cotton Pads,"Toning, Soothing & Moisturising ",48,45,16,33,94,
Apr-09,5,Rose Water Toner Pad,Cotton Pads,"Toning, Soothing & Moisturising ",48,72,31,16,119,
May-09,5,Rose Water Toner Pad,Cotton Pads,"Toning, Soothing & Moisturising ",48,25,18,45,88,
Jun-09,5,Rose Water Toner Pad,Cotton Pads,"Toning, Soothing & Moisturising ",48,25,42,12,79,
Jul-09,5,Rose Water Toner Pad,Cotton Pads,"Toning, Soothing & Moisturising ",48,33,24,22,79,
Aug-09,5,Rose Water Toner Pad,Cotton Pads,"Toning, Soothing & Moisturising ",48,34,27,20,81,
Sep-09,5,Rose Water Toner Pad,Cotton Pads,"Toning, Soothing & Moisturising ",48,72,12,18,102,
Oct-09,5,Rose Water Toner Pad,Cotton Pads,"Toning, Soothing & Moisturising ",48,12,49,26,87,
Nov-09,5,Rose Water Toner Pad,Cotton Pads,"Toning, Soothing & Moisturising ",48,18,7,38,63,
Dec-09,5,Rose Water Toner Pad,Cotton Pads,"Toning, Soothing & Moisturising ",48,16,18,8,42,
Jan-10,5,Rose Water Toner Pad,Cotton Pads,"Toning, Soothing & Moisturising ",106,73,34,17,124,
Feb-10,5,Rose Water Toner Pad,Cotton Pads,"Toning, Soothing & Moisturising ",106,13,10,23,46,
Mar-10,5,Rose Water Toner Pad,Cotton Pads,"Toning, Soothing & Moisturising ",106,43,20,36,99,
Apr-10,5,Rose Water Toner Pad,Cotton Pads,"Toning, Soothing & Moisturising ",106,87,14,50,151,
May-10,5,Rose Water Toner Pad,Cotton Pads,"Toning, Soothing & Moisturising ",106,31,15,32,78,
Jun-10,5,Rose Water Toner Pad,Cotton Pads,"Toning, Soothing & Moisturising ",106,41,34,40,115,
Jul-10,5,Rose Water Toner Pad,Cotton Pads,"Toning, Soothing & Moisturising ",106,43,5,20,68,
Aug-10,5,Rose Water Toner Pad,Cotton Pads,"Toning, Soothing & Moisturising ",106,8,50,35,93,
Sep-10,5,Rose Water Toner Pad,Cotton Pads,"Toning, Soothing & Moisturising ",106,31,21,49,101,
Oct-10,5,Rose Water Toner Pad,Cotton Pads,"Toning, Soothing & Moisturising ",106,23,39,31,93,
Nov-10,5,Rose Water Toner Pad,Cotton Pads,"Toning, Soothing & Moisturising ",106,62,22,45,129,
Dec-10,5,Rose Water Toner Pad,Cotton Pads,"Toning, Soothing & Moisturising ",106,52,19,16,87,
Jan-11,5,Rose Water Toner Pad,Cotton Pads,"Toning, Soothing & Moisturising ",106,39,44,8,91,
Feb-11,5,Rose Water Toner Pad,Cotton Pads,"Toning, Soothing & Moisturising ",106,30,47,40,117,
Mar-11,5,Rose Water Toner Pad,Cotton Pads,"Toning, Soothing & Moisturising ",106,54,34,20,108,
Apr-11,5,Rose Water Toner Pad,Cotton Pads,"Toning, Soothing & Moisturising ",106,7,24,19,50,
May-11,5,Rose Water Toner Pad,Cotton Pads,"Toning, Soothing & Moisturising ",106,76,47,20,143,
Jun-11,5,Rose Water Toner Pad,Cotton Pads,"Toning, Soothing & Moisturising ",106,70,14,46,130,
Jul-11,5,Rose Water Toner Pad,Cotton Pads,"Toning, Soothing & Moisturising ",106,21,31,40,92,
Aug-11,5,Rose Water Toner Pad,Cotton Pads,"Toning, Soothing & Moisturising ",106,58,23,8,89,
Sep-11,5,Rose Water Toner Pad,Cotton Pads,"Toning, Soothing & Moisturising ",106,27,12,54,93,
Oct-11,5,Rose Water Toner Pad,Cotton Pads,"Toning, Soothing & Moisturising ",106,74,43,13,130,
Nov-11,5,Rose Water Toner Pad,Cotton Pads,"Toning, Soothing & Moisturising ",106,20,34,34,88,
Dec-11,5,Rose Water Toner Pad,Cotton Pads,"Toning, Soothing & Moisturising ",106,53,1,23,77,
Jan-12,5,Rose Water Toner Pad,Cotton Pads,"Toning, Soothing & Moisturising ",106,86,1,19,106,
Feb-12,5,Rose Water Toner Pad,Cotton Pads,"Toning, Soothing & Moisturising ",106,23,3,44,70,
Mar-12,5,Rose Water Toner Pad,Cotton Pads,"Toning, Soothing & Moisturising ",106,45,10,40,95,
Apr-12,5,Rose Water Toner Pad,Cotton Pads,"Toning, Soothing & Moisturising ",106,42,55,36,133,
May-12,5,Rose Water Toner Pad,Cotton Pads,"Toning, Soothing & Moisturising ",106,82,19,18,119,
Jun-12,5,Rose Water Toner Pad,Cotton Pads,"Toning, Soothing & Moisturising ",106,59,21,5,85,
Jul-12,5,Rose Water Toner Pad,Cotton Pads,"Toning, Soothing & Moisturising ",106,78,33,10,121,
Aug-12,5,Rose Water Toner Pad,Cotton Pads,"Toning, Soothing & Moisturising ",106,42,10,21,73,
Sep-12,5,Rose Water Toner Pad,Cotton Pads,"Toning, Soothing & Moisturising ",106,68,35,10,113,
Oct-12,5,Rose Water Toner Pad,Cotton Pads,"Toning, Soothing & Moisturising ",106,66,36,8,110,
Nov-12,5,Rose Water Toner Pad,Cotton Pads,"Toning, Soothing & Moisturising ",106,8,37,51,96,
Dec-12,5,Rose Water Toner Pad,Cotton Pads,"Toning, Soothing & Moisturising ",106,82,4,15,101,
Jan-13,5,Rose Water Toner Pad,Cotton Pads,"Toning, Soothing & Moisturising ",84,24,53,5,82,
Feb-13,5,Rose Water Toner Pad,Cotton Pads,"Toning, Soothing & Moisturising ",84,67,33,23,123,
Mar-13,5,Rose Water Toner Pad,Cotton Pads,"Toning, Soothing & Moisturising ",84,69,4,6,79,
Apr-13,5,Rose Water Toner Pad,Cotton Pads,"Toning, Soothing & Moisturising ",84,27,16,22,65,
May-13,5,Rose Water Toner Pad,Cotton Pads,"Toning, Soothing & Moisturising ",84,61,16,6,83,
Jun-13,5,Rose Water Toner Pad,Cotton Pads,"Toning, Soothing & Moisturising ",84,57,50,27,134,
Jul-13,5,Rose Water Toner Pad,Cotton Pads,"Toning, Soothing & Moisturising ",84,67,43,32,142,
Aug-13,5,Rose Water Toner Pad,Cotton Pads,"Toning, Soothing & Moisturising ",84,29,8,6,43,
Sep-13,5,Rose Water Toner Pad,Cotton Pads,"Toning, Soothing & Moisturising ",84,65,37,36,138,
Oct-13,5,Rose Water Toner Pad,Cotton Pads,"Toning, Soothing & Moisturising ",84,55,50,40,145,
Nov-13,5,Rose Water Toner Pad,Cotton Pads,"Toning, Soothing & Moisturising ",84,63,21,8,92,
Dec-13,5,Rose Water Toner Pad,Cotton Pads,"Toning, Soothing & Moisturising ",84,87,35,23,145,
Jan-14,5,Rose Water Toner Pad,Cotton Pads,"Toning, Soothing & Moisturising ",84,57,26,17,100,
Feb-14,5,Rose Water Toner Pad,Cotton Pads,"Toning, Soothing & Moisturising ",84,23,18,23,64,
Mar-14,5,Rose Water Toner Pad,Cotton Pads,"Toning, Soothing & Moisturising ",84,13,39,12,64,
Apr-14,5,Rose Water Toner Pad,Cotton Pads,"Toning, Soothing & Moisturising ",84,65,46,5,116,
May-14,5,Rose Water Toner Pad,Cotton Pads,"Toning, Soothing & Moisturising ",84,71,50,20,141,
Jun-14,5,Rose Water Toner Pad,Cotton Pads,"Toning, Soothing & Moisturising ",84,65,3,20,88,
Jul-14,5,Rose Water Toner Pad,Cotton Pads,"Toning, Soothing & Moisturising ",84,72,7,31,110,
Aug-14,5,Rose Water Toner Pad,Cotton Pads,"Toning, Soothing & Moisturising ",84,3,20,37,60,
Sep-14,5,Rose Water Toner Pad,Cotton Pads,"Toning, Soothing & Moisturising ",84,14,6,22,42,
Oct-14,5,Rose Water Toner Pad,Cotton Pads,"Toning, Soothing & Moisturising ",84,33,9,35,77,
Nov-14,5,Rose Water Toner Pad,Cotton Pads,"Toning, Soothing & Moisturising ",84,64,43,25,132,
Dec-14,5,Rose Water Toner Pad,Cotton Pads,"Toning, Soothing & Moisturising ",84,37,29,33,99,
Jan-15,5,Rose Water Toner Pad,Cotton Pads,"Toning, Soothing & Moisturising ",84,86,50,22,158,
Feb-15,5,Rose Water Toner Pad,Cotton Pads,"Toning, Soothing & Moisturising ",84,22,15,54,91,
Mar-15,5,Rose Water Toner Pad,Cotton Pads,"Toning, Soothing & Moisturising ",84,55,2,42,99,
Apr-15,5,Rose Water Toner Pad,Cotton Pads,"Toning, Soothing & Moisturising ",84,30,6,17,53,
May-15,5,Rose Water Toner Pad,Cotton Pads,"Toning, Soothing & Moisturising ",84,24,48,21,93,
Jun-15,5,Rose Water Toner Pad,Cotton Pads,"Toning, Soothing & Moisturising ",84,35,48,25,108,
Jul-15,5,Rose Water Toner Pad,Cotton Pads,"Toning, Soothing & Moisturising ",84,25,20,32,77,
Aug-15,5,Rose Water Toner Pad,Cotton Pads,"Toning, Soothing & Moisturising ",84,31,40,31,102,
Sep-15,5,Rose Water Toner Pad,Cotton Pads,"Toning, Soothing & Moisturising ",84,15,28,14,57,
Oct-15,5,Rose Water Toner Pad,Cotton Pads,"Toning, Soothing & Moisturising ",84,54,46,34,134,
Nov-15,5,Rose Water Toner Pad,Cotton Pads,"Toning, Soothing & Moisturising ",84,20,53,55,128,
Dec-15,5,Rose Water Toner Pad,Cotton Pads,"Toning, Soothing & Moisturising ",84,9,24,23,56,
Jan-16,5,Rose Water Toner Pad,Cotton Pads,"Toning, Soothing & Moisturising ",106,42,8,38,88,
Feb-16,5,Rose Water Toner Pad,Cotton Pads,"Toning, Soothing & Moisturising ",106,44,22,24,90,
Mar-16,5,Rose Water Toner Pad,Cotton Pads,"Toning, Soothing & Moisturising ",106,42,15,14,71,
Apr-16,5,Rose Water Toner Pad,Cotton Pads,"Toning, Soothing & Moisturising ",106,5,16,26,47,
May-16,5,Rose Water Toner Pad,Cotton Pads,"Toning, Soothing & Moisturising ",106,87,20,45,152,
Jun-16,5,Rose Water Toner Pad,Cotton Pads,"Toning, Soothing & Moisturising ",106,20,14,34,68,
Jul-16,5,Rose Water Toner Pad,Cotton Pads,"Toning, Soothing & Moisturising ",106,75,41,25,141,
Aug-16,5,Rose Water Toner Pad,Cotton Pads,"Toning, Soothing & Moisturising ",106,34,41,46,121,
Sep-16,5,Rose Water Toner Pad,Cotton Pads,"Toning, Soothing & Moisturising ",106,63,31,9,103,
Oct-16,5,Rose Water Toner Pad,Cotton Pads,"Toning, Soothing & Moisturising ",106,13,47,48,108,
Nov-16,5,Rose Water Toner Pad,Cotton Pads,"Toning, Soothing & Moisturising ",106,5,31,38,74,
Dec-16,5,Rose Water Toner Pad,Cotton Pads,"Toning, Soothing & Moisturising ",106,52,16,20,88,
Jan-17,5,Rose Water Toner Pad,Cotton Pads,"Toning, Soothing & Moisturising ",106,39,54,38,131,
Feb-17,5,Rose Water Toner Pad,Cotton Pads,"Toning, Soothing & Moisturising ",106,38,32,18,88,
Mar-17,5,Rose Water Toner Pad,Cotton Pads,"Toning, Soothing & Moisturising ",106,89,22,10,121,
Apr-17,5,Rose Water Toner Pad,Cotton Pads,"Toning, Soothing & Moisturising ",106,3,7,32,42,
May-17,5,Rose Water Toner Pad,Cotton Pads,"Toning, Soothing & Moisturising ",106,81,8,46,135,
Jun-17,5,Rose Water Toner Pad,Cotton Pads,"Toning, Soothing & Moisturising ",106,17,19,39,75,
Jul-17,5,Rose Water Toner Pad,Cotton Pads,"Toning, Soothing & Moisturising ",106,74,2,39,115,
Aug-17,5,Rose Water Toner Pad,Cotton Pads,"Toning, Soothing & Moisturising ",106,83,9,24,116,
Sep-17,5,Rose Water Toner Pad,Cotton Pads,"Toning, Soothing & Moisturising ",106,26,53,19,98,
Oct-17,5,Rose Water Toner Pad,Cotton Pads,"Toning, Soothing & Moisturising ",106,59,0,13,72,
Nov-17,5,Rose Water Toner Pad,Cotton Pads,"Toning, Soothing & Moisturising ",106,24,32,24,80,
Dec-17,5,Rose Water Toner Pad,Cotton Pads,"Toning, Soothing & Moisturising ",106,67,32,17,116,
"Jan-08",6,First Energy Essence,Essence,Wrinkle Improvement & brightening,106,54,54,11,119,
Feb-08,6,First Energy Essence,Essence,Wrinkle Improvement & brightening,106,77,2,20,99,
Mar-08,6,First Energy Essence,Essence,Wrinkle Improvement & brightening,106,68,9,22,99,
Apr-08,6,First Energy Essence,Essence,Wrinkle Improvement & brightening,106,23,3,5,31,
May-08,6,First Energy Essence,Essence,Wrinkle Improvement & brightening,106,36,51,34,121,
Jun-08,6,First Energy Essence,Essence,Wrinkle Improvement & brightening,106,24,33,54,111,
Jul-08,6,First Energy Essence,Essence,Wrinkle Improvement & brightening,106,77,33,45,155,
Aug-08,6,First Energy Essence,Essence,Wrinkle Improvement & brightening,106,13,46,36,95,
Sep-08,6,First Energy Essence,Essence,Wrinkle Improvement & brightening,106,63,31,7,101,
Oct-08,6,First Energy Essence,Essence,Wrinkle Improvement & brightening,106,34,13,39,86,
Nov-08,6,First Energy Essence,Essence,Wrinkle Improvement & brightening,106,48,4,32,84,
Dec-08,6,First Energy Essence,Essence,Wrinkle Improvement & brightening,106,5,17,50,72,
Jan-09,6,First Energy Essence,Essence,Wrinkle Improvement & brightening,106,8,19,37,64,
Feb-09,6,First Energy Essence,Essence,Wrinkle Improvement & brightening,106,48,4,31,83,
Mar-09,6,First Energy Essence,Essence,Wrinkle Improvement & brightening,106,13,13,28,54,
Apr-09,6,First Energy Essence,Essence,Wrinkle Improvement & brightening,106,39,45,19,103,
May-09,6,First Energy Essence,Essence,Wrinkle Improvement & brightening,106,76,52,19,147,
Jun-09,6,First Energy Essence,Essence,Wrinkle Improvement & brightening,106,71,22,6,99,
Jul-09,6,First Energy Essence,Essence,Wrinkle Improvement & brightening,106,6,24,32,62,
Aug-09,6,First Energy Essence,Essence,Wrinkle Improvement & brightening,106,64,26,5,95,
Sep-09,6,First Energy Essence,Essence,Wrinkle Improvement & brightening,106,15,28,51,94,
Oct-09,6,First Energy Essence,Essence,Wrinkle Improvement & brightening,106,67,39,44,150,
Nov-09,6,First Energy Essence,Essence,Wrinkle Improvement & brightening,106,40,40,5,85,
Dec-09,6,First Energy Essence,Essence,Wrinkle Improvement & brightening,106,84,4,13,101,
Jan-10,6,First Energy Essence,Essence,Wrinkle Improvement & brightening,106,29,45,43,117,
Feb-10,6,First Energy Essence,Essence,Wrinkle Improvement & brightening,106,22,50,18,90,
Mar-10,6,First Energy Essence,Essence,Wrinkle Improvement & brightening,106,15,22,46,83,
Apr-10,6,First Energy Essence,Essence,Wrinkle Improvement & brightening,106,15,18,24,57,
May-10,6,First Energy Essence,Essence,Wrinkle Improvement & brightening,106,68,50,33,151,
Jun-10,6,First Energy Essence,Essence,Wrinkle Improvement & brightening,106,27,8,53,88,
Jul-10,6,First Energy Essence,Essence,Wrinkle Improvement & brightening,106,38,15,34,87,
Aug-10,6,First Energy Essence,Essence,Wrinkle Improvement & brightening,106,89,35,38,162,
Sep-10,6,First Energy Essence,Essence,Wrinkle Improvement & brightening,106,51,43,12,106,
Oct-10,6,First Energy Essence,Essence,Wrinkle Improvement & brightening,106,70,30,41,141,
Nov-10,6,First Energy Essence,Essence,Wrinkle Improvement & brightening,106,45,5,47,97,
Dec-10,6,First Energy Essence,Essence,Wrinkle Improvement & brightening,106,34,50,19,103,
Jan-11,6,First Energy Essence,Essence,Wrinkle Improvement & brightening,106,73,26,30,129,
Feb-11,6,First Energy Essence,Essence,Wrinkle Improvement & brightening,106,81,27,16,124,
Mar-11,6,First Energy Essence,Essence,Wrinkle Improvement & brightening,106,52,45,21,118,
Apr-11,6,First Energy Essence,Essence,Wrinkle Improvement & brightening,106,71,48,55,174,
May-11,6,First Energy Essence,Essence,Wrinkle Improvement & brightening,106,40,21,23,84,
Jun-11,6,First Energy Essence,Essence,Wrinkle Improvement & brightening,106,4,41,38,83,
Jul-11,6,First Energy Essence,Essence,Wrinkle Improvement & brightening,106,57,14,7,78,
Aug-11,6,First Energy Essence,Essence,Wrinkle Improvement & brightening,106,56,41,6,103,
Sep-11,6,First Energy Essence,Essence,Wrinkle Improvement & brightening,106,22,32,38,92,
Oct-11,6,First Energy Essence,Essence,Wrinkle Improvement & brightening,106,88,12,46,146,
Nov-11,6,First Energy Essence,Essence,Wrinkle Improvement & brightening,106,59,13,55,127,
Dec-11,6,First Energy Essence,Essence,Wrinkle Improvement & brightening,106,31,15,30,76,
Jan-12,6,First Energy Essence,Essence,Wrinkle Improvement & brightening,87,20,29,51,100,
Feb-12,6,First Energy Essence,Essence,Wrinkle Improvement & brightening,87,67,11,30,108,
Mar-12,6,First Energy Essence,Essence,Wrinkle Improvement & brightening,87,67,42,48,157,
Apr-12,6,First Energy Essence,Essence,Wrinkle Improvement & brightening,87,57,34,15,106,
May-12,6,First Energy Essence,Essence,Wrinkle Improvement & brightening,87,29,0,52,81,
Jun-12,6,First Energy Essence,Essence,Wrinkle Improvement & brightening,87,40,29,38,107,
Jul-12,6,First Energy Essence,Essence,Wrinkle Improvement & brightening,87,30,0,9,39,
Aug-12,6,First Energy Essence,Essence,Wrinkle Improvement & brightening,87,36,16,55,107,
Sep-12,6,First Energy Essence,Essence,Wrinkle Improvement & brightening,87,61,19,25,105,
Oct-12,6,First Energy Essence,Essence,Wrinkle Improvement & brightening,87,69,34,46,149,
Nov-12,6,First Energy Essence,Essence,Wrinkle Improvement & brightening,87,24,47,36,107,
Dec-12,6,First Energy Essence,Essence,Wrinkle Improvement & brightening,87,23,24,10,57,
Jan-13,6,First Energy Essence,Essence,Wrinkle Improvement & brightening,87,38,48,8,94,
Feb-13,6,First Energy Essence,Essence,Wrinkle Improvement & brightening,87,40,6,34,80,
Mar-13,6,First Energy Essence,Essence,Wrinkle Improvement & brightening,87,19,43,42,104,
Apr-13,6,First Energy Essence,Essence,Wrinkle Improvement & brightening,87,33,28,42,103,
May-13,6,First Energy Essence,Essence,Wrinkle Improvement & brightening,87,43,29,23,95,
Jun-13,6,First Energy Essence,Essence,Wrinkle Improvement & brightening,87,36,10,12,58,
Jul-13,6,First Energy Essence,Essence,Wrinkle Improvement & brightening,87,32,33,33,98,
Aug-13,6,First Energy Essence,Essence,Wrinkle Improvement & brightening,87,18,47,53,118,
Sep-13,6,First Energy Essence,Essence,Wrinkle Improvement & brightening,87,82,35,6,123,
Oct-13,6,First Energy Essence,Essence,Wrinkle Improvement & brightening,87,75,50,30,155,
Nov-13,6,First Energy Essence,Essence,Wrinkle Improvement & brightening,87,64,32,45,141,
Dec-13,6,First Energy Essence,Essence,Wrinkle Improvement & brightening,87,36,14,18,68,
Jan-14,6,First Energy Essence,Essence,Wrinkle Improvement & brightening,87,58,31,37,126,
Feb-14,6,First Energy Essence,Essence,Wrinkle Improvement & brightening,87,17,50,25,92,
Mar-14,6,First Energy Essence,Essence,Wrinkle Improvement & brightening,87,24,30,25,79,
Apr-14,6,First Energy Essence,Essence,Wrinkle Improvement & brightening,87,53,17,27,97,
May-14,6,First Energy Essence,Essence,Wrinkle Improvement & brightening,87,89,41,15,145,
Jun-14,6,First Energy Essence,Essence,Wrinkle Improvement & brightening,87,6,24,31,61,
Jul-14,6,First Energy Essence,Essence,Wrinkle Improvement & brightening,87,18,45,46,109,
Aug-14,6,First Energy Essence,Essence,Wrinkle Improvement & brightening,87,4,15,24,43,
Sep-14,6,First Energy Essence,Essence,Wrinkle Improvement & brightening,87,60,41,20,121,
Oct-14,6,First Energy Essence,Essence,Wrinkle Improvement & brightening,87,56,17,14,87,
Nov-14,6,First Energy Essence,Essence,Wrinkle Improvement & brightening,87,34,35,15,84,
Dec-14,6,First Energy Essence,Essence,Wrinkle Improvement & brightening,87,16,31,19,66,
Jan-15,6,First Energy Essence,Essence,Wrinkle Improvement & brightening,49,7,43,24,74,
Feb-15,6,First Energy Essence,Essence,Wrinkle Improvement & brightening,49,69,44,23,136,
Mar-15,6,First Energy Essence,Essence,Wrinkle Improvement & brightening,49,68,52,12,132,
Apr-15,6,First Energy Essence,Essence,Wrinkle Improvement & brightening,49,15,13,9,37,
May-15,6,First Energy Essence,Essence,Wrinkle Improvement & brightening,49,60,30,35,125,
Jun-15,6,First Energy Essence,Essence,Wrinkle Improvement & brightening,49,43,21,45,109,
Jul-15,6,First Energy Essence,Essence,Wrinkle Improvement & brightening,49,16,43,40,99,
Aug-15,6,First Energy Essence,Essence,Wrinkle Improvement & brightening,49,35,16,55,106,
Sep-15,6,First Energy Essence,Essence,Wrinkle Improvement & brightening,49,53,27,48,128,
Oct-15,6,First Energy Essence,Essence,Wrinkle Improvement & brightening,49,30,36,29,95,
Nov-15,6,First Energy Essence,Essence,Wrinkle Improvement & brightening,49,76,35,39,150,
Dec-15,6,First Energy Essence,Essence,Wrinkle Improvement & brightening,49,36,6,11,53,
Jan-16,6,First Energy Essence,Essence,Wrinkle Improvement & brightening,49,22,51,37,110,
Feb-16,6,First Energy Essence,Essence,Wrinkle Improvement & brightening,49,8,19,33,60,
Mar-16,6,First Energy Essence,Essence,Wrinkle Improvement & brightening,49,69,25,52,146,
Apr-16,6,First Energy Essence,Essence,Wrinkle Improvement & brightening,49,89,41,30,160,
May-16,6,First Energy Essence,Essence,Wrinkle Improvement & brightening,49,69,37,26,132,
Jun-16,6,First Energy Essence,Essence,Wrinkle Improvement & brightening,49,67,24,36,127,
Jul-16,6,First Energy Essence,Essence,Wrinkle Improvement & brightening,49,28,10,40,78,
Aug-16,6,First Energy Essence,Essence,Wrinkle Improvement & brightening,49,61,43,20,124,
Sep-16,6,First Energy Essence,Essence,Wrinkle Improvement & brightening,49,74,5,49,128,
Oct-16,6,First Energy Essence,Essence,Wrinkle Improvement & brightening,49,46,44,17,107,
Nov-16,6,First Energy Essence,Essence,Wrinkle Improvement & brightening,49,45,54,36,135,
Dec-16,6,First Energy Essence,Essence,Wrinkle Improvement & brightening,49,41,6,24,71,
Jan-17,6,First Energy Essence,Essence,Wrinkle Improvement & brightening,49,85,2,28,115,
Feb-17,6,First Energy Essence,Essence,Wrinkle Improvement & brightening,49,5,40,18,63,
Mar-17,6,First Energy Essence,Essence,Wrinkle Improvement & brightening,49,4,23,38,65,
Apr-17,6,First Energy Essence,Essence,Wrinkle Improvement & brightening,49,49,19,14,82,
May-17,6,First Energy Essence,Essence,Wrinkle Improvement & brightening,49,67,40,5,112,
Jun-17,6,First Energy Essence,Essence,Wrinkle Improvement & brightening,49,34,15,52,101,
Jul-17,6,First Energy Essence,Essence,Wrinkle Improvement & brightening,49,40,7,53,100,
Aug-17,6,First Energy Essence,Essence,Wrinkle Improvement & brightening,49,77,20,25,122,
Sep-17,6,First Energy Essence,Essence,Wrinkle Improvement & brightening,49,38,37,19,94,
Oct-17,6,First Energy Essence,Essence,Wrinkle Improvement & brightening,49,81,9,13,103,
Nov-17,6,First Energy Essence,Essence,Wrinkle Improvement & brightening,49,9,15,30,54,
Dec-17,6,First Energy Essence,Essence,Wrinkle Improvement & brightening,49,47,54,26,127,
